issue_id|priority|area|route|sector|problem|root_cause|fix|file|status|before|after|notes
P1-CRAFT-01|P1|seo|/[lang]/crafts/[trade]|crafts|47 trade pages with 0 providers were indexable near-duplicate empty states|generateMetadata set no robots; no supply rule|supplyRobots(): noindex,follow when trade_provider_counts=0; canonical to bare trade URL|src/app/[lang]/(site)/crafts/[trade]/page.tsx; src/lib/professional.ts|fixed|no robots tag|noindex, follow (index,follow from the first active provider)|sitemap.ts (SEO track) excludes the same trades via craftTradeIndexable
P1-CRAFT-02|P1|seo|/[lang]/crafts/[trade]?area=&q=&sort=|crafts|Every area/q/sort permutation was an indexable page with no canonical|No canonical, no filtered rule|Filtered views noindex,follow; alternates.canonical=/crafts/{slug}; /crafts/all noindex|src/app/[lang]/(site)/crafts/[trade]/page.tsx|fixed|?area=tripoli: no robots, no canonical|noindex, follow + canonical|
P1-CRAFT-03|P1|discovery|/[lang]/crafts|crafts|«شو خربان؟» box did not understand places or dialect trade words until the RPC answered; area never inferred|Box used only search_trades RPC; the Phase-2 lexicon was not reused|craftIntentFromProblem() reuses parseSearchIntent (plus ب/بال/عال/لل prefixes); understood trade chip first, area picker auto-set until touched; trade carried into the request URL|src/lib/pro-market.ts; src/components/crafts/craft-problem-ask.tsx|fixed|«بدي سنكري بطرابلس» → no area, trade only if RPC hit|فهمنا: [سبّاك] [طرابلس]; URL trade=plumber&area=tripoli|Verified in Playwright at 390px
P1-CRAFT-04|P1|conversion|/[lang]/crafts/requests|crafts|Request flow made the customer classify the trade by hand; a symptom sentence left trade on «مش متأكد»|No inference from the description|Trade/area inferred from the description until picked, with a visible «من وصفك، هيدي شغلة …» line; manual pick always wins|src/components/crafts/craft-request-flow.tsx|fixed|«البراد ما عم يبرد بالميناء» → مش متأكد / كل لبنان|fridge-repair / mina, stated under the pickers|
P1-CRAFT-05|P1|conversion|/[lang]/crafts/requests (no-match step)|crafts|With 0 providers the only way to leave a brief was WhatsApp; copy said the request cannot be stored|craft_requests.provider_id is NOT NULL; demand table not wired here|Existing DemandCapture (submit_demand, section contractors) under the WhatsApp CTA with crafts copy; no-match copy updated; nothing auto-matched|src/components/crafts/craft-request-flow.tsx; src/app/[lang]/(site)/crafts/requests/page.tsx; dictionaries proMarket|fixed|WhatsApp or nothing|WhatsApp, register a trade, or «اترك طلبك عنّا» (stored, /admin/demand)|No migration; no new table
P1-CRAFT-06|P2|discovery|/[lang]/crafts|crafts|«الكهربا مقطوعة» (most common Lebanese problem phrase) resolves to no trade|Lexicon lacks كهربا triggers|Add «كهربا», «الكهربا مقطوعة» to trade(electrician) triggers|src/lib/search-intent.ts|open|no trade|—|Phase-2 file, not in phase-4 territory; not duplicated locally
P1-FREELANCE-01|P1|conversion|/[lang]/freelance/pro/[id]|freelance|Two solid primary buttons («اطلب تسعيرة», «تواصل مع المستقل»); brief asks «اطلب عرض» primary, «راسل» secondary|Contact button had one hard-coded style/label|«اطلب عرض» primary → brief; «راسل» secondary (new optional label/variant props)|src/app/[lang]/(site)/freelance/pro/[id]/page.tsx; src/components/contact-freelancer-button.tsx|fixed|2 equal primaries|1 primary + 1 secondary; sticky bar «اطلب عرض»|/u/[id] unchanged
P1-FREELANCE-02|P1|trust|/[lang]/freelance/[id]|freelance|"Related services" drew the same freelancer's gigs as if other sellers|browse_gigs by category not split by owner|splitServicesByOwner(): same person's services listed under «خدمات تانية من {name}» + link to profile; related = other freelancers only|src/app/[lang]/(site)/freelance/[id]/page.tsx; src/lib/professional.ts|fixed|same person could appear as related sellers; no list of their other services|«خدمات تانية من باشن» (2 rows) + «كل خدمات باشن»; related hidden (0 others)|
P1-FREELANCE-03|P1|trust|/[lang]/freelance?view=services|freelance|Services tab showed 3 gigs of one person as a flat grid of unrelated cards|Flat rows map|Gigs grouped under «خدمات {name}» with a profile link|src/app/[lang]/(site)/freelance/(browse)/page.tsx|fixed|3 loose cards|1 person group with 3 cards|People tab already grouped (groupGigsByPerson)
P1-FREELANCE-04|P1|conversion|/[lang]/freelance/[id]|freelance|Service page offered only "contact"; no way to request an offer for that service|CTA predates the brief flow|«اطلب عرض» → /freelance/brief?to={id}&cat={cat} + «راسل»; both in the mobile sticky bar|src/app/[lang]/(site)/freelance/[id]/page.tsx|fixed|1 contact button|offer + message|
P1-FREELANCE-05|P1|seo|/[lang]/freelance?…|freelance|Filtered/search/services-tab views indexable, no canonical|No robots in generateMetadata|supplyRobots with section supply; any param → noindex,follow; canonical /freelance|src/app/[lang]/(site)/freelance/(browse)/page.tsx|fixed|no robots|bare: index,follow; ?view=services: noindex,follow|
P1-FREELANCE-06|P2|product|/[lang]/freelance/brief|freelance|«انشر مشروعك» public project board requested|No project/lead table for freelance|Not built; the existing brief is delivered to a chosen freelancer as a message and says so; no matching claimed|—|not built|—|—|Needs a projects table + moderation + notification before it can be honest
P1-JOBS-01|P1|ux|/[lang]/jobs|jobs|5 type + 6 region chips drawn over 2 postings and above the empty state|Chips rendered from static lists|visibleJobFilters(): a row only when live postings carry ≥2 distinct values; unknown params dropped|src/app/[lang]/(site)/jobs/(index)/page.tsx; src/lib/pro-market.ts|fixed|11 chips|region row only (بيروت/الشمال); no type row (both full-time)|
P1-JOBS-02|P1|conversion|/[lang]/jobs (empty)|jobs|Empty state was one line + «انشر وظيفة» for everyone|Generic EmptyState|JobsEmptyState: businesses → انشر وظيفة; job seekers → freelance profile / register a trade; filtered → «شوف كل الوظائف»; honest «no alerts yet» line|src/components/jobs/jobs-empty-state.tsx|fixed|«ما في وظائف مطابقة حالياً» + one button|two-audience card with 4 real routes|
P1-JOBS-03|P1|data|/[lang]/jobs, /[lang]/jobs/[id]|jobs|Postings past apply_deadline listed as open; detail page closed them on UTC day|No deadline filter on the board; toISOString date on detail|Board query: deleted_at null + deadline ≥ Beirut today; detail uses isJobOpen/beirutToday|src/app/[lang]/(site)/jobs/(index)/page.tsx; src/app/[lang]/(site)/jobs/[id]/page.tsx; src/lib/pro-market.ts|fixed|expired jobs shown as open; last day closed at 02:00-03:00 Beirut|live only; open through Beirut's deadline day|
P1-JOBS-04|P2|i18n|/[lang]/jobs|jobs|Card date «29 يوليو» from bare "ar" locale, UTC, unlabeled; raw ISO deadline on detail|toLocaleDateString("ar")|formatDay(): ar-LB-u-nu-latn, Asia/Beirut → «نُشرت 29 تموز», «آخر موعد …»|src/lib/pro-market.ts; jobs pages|fixed|«29 يوليو», «آخر موعد: 2026-10-01»|«نُشرت 29 تموز», «آخر موعد 1 تشرين الأول»|
P1-JOBS-05|P1|seo|/[lang]/jobs?…|jobs|Every filter permutation (and junk params) indexable; empty board indexable|No robots|supplyRobots: noindex,follow for any param or 0 live jobs; canonical /jobs|src/app/[lang]/(site)/jobs/(index)/page.tsx|fixed|no robots|bare: index,follow; ?type=internship: noindex,follow|
P1-JOBS-06|P1|seo|/[lang]/jobs/[id]|jobs|Expired posting stayed indexable and still emitted JobPosting JSON-LD; closed state was a dead end|No deadline in metadata/JSON-LD gate|noindex,follow and no JSON-LD after deadline; closed card with «شوف كل الوظائف»|src/app/[lang]/(site)/jobs/[id]/page.tsx|fixed|JSON-LD on expired job; empty box|no JSON-LD; closed state with a way on|jobPostingJsonLd lacks validThrough (SEO track, jsonld.ts)
P1-JOBS-07|P2|product|/[lang]/jobs|jobs|«خبّرني لما تنزل فرص جديدة» requested|No alert infra: saved_searches unread by any sender; push only admin broadcast|Not built; empty state states there are no alerts yet|—|not built|—|—|Needs subscription table + sender on job_postings insert
P1-JOBS-08|P1|security|job_applications|jobs|Applications can be inserted for closed/expired postings via the API|job_applications_insert checks only applicant_id|Add WITH CHECK on job status/deleted_at/deadline (Beirut)|supabase (0315 not written)|open|UI-only gate|—|Needs rolled-back test first; DB changes out of scope
P1-JOBS-09|P2|perf|/[lang]/jobs/[id]|jobs|Whole dictionary serialised into every job page|JobApplyForm (client) receives full dict|Pass dictSlice(dict,["jobs"])|src/components/job-apply-form.tsx|open|~full dict in RSC payload|—|Existing issue
P1-JOBS-10|P2|consistency|/ (home tile), header|jobs|Nav/home supply count uses status=active only; board also drops deleted and expired|countSections predicate differs|Add deleted_at null + deadline filter to countSections|src/lib/data/section-supply.ts|open|2 = 2 today|—|Not in phase-4 territory
