"issue_id","priority","area","route","sector","problem","root_cause","fix","file","status","before","after","notes"
"P0-PRICE-01","P0","pricing/data","(none — DB)","all","public.plans holds free $0 and pro $12/$120 only; no basic/business rows; contradicts PLAN_TIERS (pro $25 / $150 promo / $300)","Table predates the 3-tier model; docs/plans-alignment-PENDING.sql awaits owner decision","Migration 0305 sets basic 10/120, pro 25/300, business 65/780 (standard annual; the launch promo stays time-bound in plan-tiers) and asserts every store_plan value has a row","supabase/migrations/0305_plans_table_matches_plan_tiers.sql","fixed","DB says Pro $12/mo","DB matches plan-tiers; all 4 tiers have rows","Owner confirmed prices and approved the DB change on 2026-09-24; applied after a rolled-back test"
"P0-PRICE-02","P0","pricing","/pricing","all","FAQ ""annual offer"" answer hardcodes $75 / $150 / $300 in ar+en","Literal prices typed into dictionary","Placeholders {basicAnnual}/{proAnnual}/{businessAnnual} filled from annualPrice(tier, promoActive) per request; answer hidden after PROMO_END","src/i18n/dictionaries/{ar,en}.json pricing.faq[4]; src/app/[lang]/(site)/pricing/page.tsx","FIXED","""($75 / $150 / $300)"" forever","""($75 / $150 / $300)"" while promo runs, then the question disappears","Only literal $ plan prices found outside plan-tiers"
"P0-PRICE-03","P0","pricing","/pricing","all","FAQ says Basic is ""up to 30 products"" as a literal","Cap typed into dictionary","{basicProducts} from PLAN_TIERS.basic.products","src/i18n/dictionaries/{ar,en}.json pricing.faq[1]; pricing/page.tsx","FIXED","""up to 30 products""","same text, number from PLAN_TIERS",""
"P0-PRICE-04","P0","pricing/subscription","/pricing, /merchant/[id]/subscription","all","Trial length ""14""/""١٤"" typed in 5 dictionary strings and the pricing meta description","TRIAL_DAYS not threaded into copy","{days} filled from TRIAL_DAYS via plan-copy; PricingPlans gets trialDays prop; metadata filled","ar/en pricing.trialLine, pricing.freeTrial, pricing.trialBanner, pricing.faq[0].a, merchant.subscription.startTrialTitle; pricing/page.tsx; pricing-plans.tsx; subscription/page.tsx","FIXED","""14 days free — no card"" (literal, ١٤ in Arabic)","""14 days free — no card"" (from TRIAL_DAYS, Western digits)","pricing.freeTrial and pricing.trialBanner are orphan keys (unrendered)"
"P0-PRICE-05","P0","merchant OS","/merchant/[id]/items (+ product form error)","all","Product-limit gate title says ""(3 products)"" for every store, including a Basic store capped at 30; body hardcodes 3/30/200","Free-plan copy reused for all tiers; caps typed into dictionary","Title {limit} = the store's planProductLimit(effectivePlan); body {freeProducts}/{basicProducts}/{proProducts} from PLAN_TIERS; product-form trigger error filled too","ar/en os.pro.productLimitTitle/Body; items/page.tsx; product-form.tsx","FIXED","Basic store at 30 items told ""You've reached the limit (3 products)""","""You've reached the limit (30 products)""","Real merchant-facing wrong number, not just duplication"
"P0-PRICE-06","P0","marketing/legal","/help, /merchants, /legal","all","Free cap ""3 products"" repeated in /help FAQ, /merchants reassurance (x2) and /legal terms (hardcoded in TSX, ar+en)","planProductLimit(""free"") not threaded into copy","{freeProducts} filled by plan-copy at render (help also fills the FAQPage JSON-LD)","ar/en faq.items[7].a, merchantsPage.entryReassure[0]; help/page.tsx; merchants/page.tsx; legal/page.tsx","FIXED","""up to 3 products"" typed 4 times","same text, number from plan-tiers","/legal hit was found by the new guard test, not the manual audit"
"P1-PRICE-07","P1","i18n","/pricing, /merchants, /merchant/[id]/subscription","all","Arabic strings used Eastern Arabic numerals (١٤، ٣) against the product convention (Western digits)","Hand-typed copy","Interpolated numbers print Western digits","ar.json (same keys as above)","FIXED","""١٤ يوم تجربة مجانية""","""14 يوم تجربة مجانية""","Side effect of the placeholder change"
"P1-PRICE-08","P1","guardrail","(all)","all","Nothing stopped a plan number from being typed back into copy or a component","No regression test","Added plan-price-ssot.test.ts (source scan + dictionary scan + plans-table read ban + ar/en placeholder parity); number sets derived from PLAN_TIERS","src/lib/__tests__/plan-price-ssot.test.ts","FIXED","—","6 tests pass; full suite 722/722","Restricted to plan context so ""$10 delivery fee"" / ""last 14 days"" charts are not flagged"
"P2-PRICE-09","P2","copy","/merchant/[id]/subscription","all","upgradeBody promises ""unlimited orders, higher search visibility, a Pro badge"" — feature claims not validated against feature-availability","Hand-written copy outside the FEATURES table","Not changed (not a price; feature-availability owner's call)","ar/en merchant.subscription.upgradeBody","OPEN","—","—","Flagged for the feature-availability workstream"
"P2-PRICE-10","P2","i18n hygiene","/pricing","all","pricing.freeTrial, trialBanner, free, pro, startFree, goPro, contactNote, discountOff are unreferenced","Leftovers from the old 2-tier page","Not deleted (avoid churn during parallel edits); parameterised where they held numbers","src/i18n/dictionaries/{ar,en}.json","OPEN","—","—","Safe to delete in a quiet moment"
"P0-TRUST-01","P0","trust","/[lang]/store/[id], /[lang]/explore, /[lang]/search, /[lang]/favorites, home rails","all","Admin plan dropdown wrote is_verified=true for any paid tier, so buying Pro/Basic/Business set a trust column","Coupling in the plan <select> patch (""Any paid plan implies an active/verified store"")","Patch sends {plan} only; verification moves through its own toggles and store_verifications","src/components/admin-stores-client.tsx","fixed","assigning a paid plan flipped is_verified to true","plan changes touch plan only","admin-subs-client had already removed the same coupling on the payment path; this was the remaining writer"
"P0-TRUST-02","P0","trust","/[lang]/store/[id], store cards everywhere","all","Generic ""موثّق"" pill rendered from stores.is_verified with no statement of what was verified","is_verified is a dimensionless admin toggle and was also written by plan changes (01)","resolveStoreTrust ignores is_verified; no surface renders a badge from it","src/lib/trust.ts, src/components/store-card.tsx","fixed","BadgeCheck ""موثّق"" pill when is_verified","nothing; column kept for admin bookkeeping","all 15 stores are false today, so no visible change; the model is now correct before the first grant"
"P0-TRUST-03","P0","trust","/[lang]/store/[id]","all","Store header used the same BadgeCheck icon for ""registered"" and ""has a verified document"" — two meanings, one glyph, both bare ""موثّق""-style pills","Ad-hoc markup per surface, no shared resolver","<TrustBadges>: Landmark=registration, FileCheck2=documents, UserCheck=identity; one tone; title/aria names the check; links to /trust#kind","src/components/store/store-header.tsx, src/components/trust-badges.tsx","fixed","two BadgeCheck pills ""سجل تجاري موثّق"" + ""موثّق""","""سجل تجاري مؤكّد"" + ""مستند موثّق"", each a link with an explanatory title",""
"P0-TRUST-04","P0","trust","store cards + header","all","Pro badge sat in the same row, same shape as trust pills with no title, readable as a verification tick","ProBadge had no semantics beyond Crown","PaidPlanBadge: Crown + accent tone, title=""اشتراك مدفوع""/""Paid plan"", aria ""Pro — paid plan"", links to /trust#paid","src/components/trust-badges.tsx, store-card.tsx, store-header.tsx","fixed","<Badge accent><Crown/>Pro</Badge> with no title","same look, titled and linked to the paragraph that says a plan buys no verification","pro-badge.tsx now unused; delete in follow-up"
"P0-TRUST-05","P0","trust","/[lang]/freelance, /[lang]/freelance/[id], /[lang]/crafts/p/[id]","freelance, crafts","Customer copy said ""هويّة موثّقة / ID verified — we checked their ID"" but no ID document exists in any join form or admin screen; the flag is a hand toggle","Copy written for a check that was never built","Relabelled ""موثّق من فريق متجر / Reviewed by Matjar"" with an explanation that names the hand review and says it is not a government identity check; gig-card + freelance page marks now come from resolveProfessionalTrust","ar.json, en.json (professional.trust.identity/identityWhy), src/components/gig-card.tsx, src/app/[lang]/(site)/freelance/[id]/page.tsx","fixed","""هويّة موثّقة من متجر"" blue tick, no explanation","green UserCheck mark, aria ""حساب راجعو فريق متجر يدويًا""","professional-trust-badges.tsx keeps its <details> model, only its copy changed"
"P0-TRUST-06","P1","trust","/[lang]/trust","all","Nowhere told a customer what a badge meant; ""registered"" was worded three different ways (featured.registered vs discovery.registered vs header)","No trust namespace; copy per surface","New `trust` namespace (ar+en) with label/aria/heading/body/limits per kind + paid; /trust gains anchored sections #registration #documents #identity #paid; every badge links there","src/i18n/dictionaries/*.json, src/app/[lang]/(site)/trust/page.tsx","fixed","/trust had no per-badge explanation","one section per kind, ""شو راجعنا"" + ""شو ما بتعني""","copy describes only the admin flows that exist; no registry lookup, no issuer contact, no ID check claimed"
"P0-TRUST-07","P0","trust","/[lang]/hub/leaders","hub","Every leader card renders a ""موثّق"" BadgeCheck footer unconditionally — a label prop, no data field","Hard-coded footer in the card markup","Mark removed from card footer and name; business_leaders has no verification column","src/components/hub/leaders-directory.tsx:275","fixed","""موثّق"" on all leaders","0 occurrences of موثّق on /ar/hub/leaders (local build)","Fixed after WS2 by removing the unbacked label"
"P0-TRUST-08","P2","trust","admin","all","feature-availability.ts cites ""admin/stores is_verified toggle"" as the evidence for verifiedBadge; the real pipeline is store_verifications","Stale evidence string","Change the evidence string to ""store_verifications admin queue; zero rows verified in production""","src/lib/feature-availability.ts:561","open","—","—","file owned by another agent; text-only change"
"P0-TRUST-09","P2","trust","admin/stores","all","The generic is_verified ""verify/unverify"" admin action still exists and sets a column no customer surface reads","Toggle predates the verification queue","Either remove the action or rename it in admin copy to make clear it is internal","src/components/admin-stores-client.tsx:321","open","—","—","not removed here to keep the admin change minimal; harmless now that nothing renders it"
"P0-FEAT-01","P0","footer","all pages","all","App-store badges hand-wrote ""قريباً/Soon"" while the roadmap called the same feature ""Not built yet""","footer had its own literal instead of reading feature-availability","word from featureStatus(""nativeApp"")+featureCopy; badge hidden when available","src/components/site-footer.tsx","fixed","const soon = lang===""ar""?""قريباً"":""Soon""","featureCopy(featureStatus(""nativeApp"").status, dict)","section links stay supply-gated (hidden, never labelled)"
"P0-FEAT-02","P0","storefront","/store/[id]","realEstate","Directory-only note promised ""booking AND direct purchase coming soon"" for a sector whose bundle has no cart","fixed dictionary sentence not tied to the sector bundle","note built from sectorPendingCapabilities(sector) + featureLabel + featureCopy; renders nothing when nothing pending","src/components/store/store-products-section.tsx","fixed","dict.store.comingSoonNote","features.pendingNote with {items}=المواعيد, {status}=قريباً","realEstate orders resolves disabled/sector, so purchase is never promised"
"P0-FEAT-03","P0","merchant modules","/merchant/[id]/modules","all with inventory","Module manager labelled inventory ""Pro"" and unlocked it on Pro; the screen and /pricing gate it at Business","MODULE_CATALOG.tier hand-maintained, not the enforced minPlan","tier set to business; page locks on featurePlanFloor + hasPlan","src/lib/modules-catalog.ts, modules/page.tsx, modules-manager.tsx","fixed","tier:""pro""","tier:""business"" (== OS_MODULE_META.inventory.minPlan)","guarded by tier≡floor test"
"P0-FEAT-04","P0","merchant modules","/merchant/[id]/modules","fitness, sportsCourts, education","classes/memberships/courses locked behind Pro while their screens have no plan guard and /pricing includes them on every plan","same stale tier field","tier set to free","src/lib/modules-catalog.ts","fixed","tier:""pro""","tier:""free""","free gym can now enable classes it already runs"
"P0-FEAT-05","P0","merchant modules","/merchant/[id]/modules","healthcare, beauty, petCare, professional, education, fitness","team toggle open on free while the doctors screen behind it is isPro and /pricing sells team at Pro","same stale tier field","tier set to pro","src/lib/modules-catalog.ts","fixed","tier:""free""","tier:""pro""","found by the new guard test"
"P0-FEAT-06","P1","merchant modules","/merchant/[id]/modules","all","Locked note always said ""Requires Pro"", even for Business-only modules","single fixed string os.modules.proNote","features.requiresPlan with the real plan name; badge shows plan name","src/components/modules-manager.tsx","fixed","""Requires Pro""","""Requires the Business plan"" / ""يتطلّب خطة Business""","os.modules.proNote now unused"
"P0-FEAT-07","P1","hub","/hub","n/a","Leaders card said ""Soon"" unconditionally while /hub/leaders goes live at the first published profile","hard-coded badge string, no supply check","count business_leaders.published=true; coming_soon word only at zero","src/app/[lang]/(site)/hub/page.tsx","fixed","{h.leaders.comingBadge}","count>0 ? heroBrowse : featureCopy(""coming_soon"")","same predicate as the leaders page"
"P0-FEAT-08","P1","hub academy","/hub/academy","n/a","management/growth declared ""coming soon"" by hand in academy.ts + explorer printed its own ""قريبًا""","status written in a comment/dictionary instead of derived from supply","academyCategoryStatus(guideCount) → featureCopy","src/content/academy.ts, src/components/hub/academy-explorer.tsx","fixed","a.soon","featureCopy(academyCategoryStatus(n), dict)","""New"" badge on an empty category still shows next to it — cosmetic, not availability"
"P0-FEAT-09","P1","hub leaders","/hub/leaders","n/a","Empty-state badge ""Soon"" hand-written in dictionary key comingBadge","own badge string","featureCopy(""coming_soon"")","src/app/[lang]/(site)/hub/leaders/page.tsx","fixed","{l.comingBadge}","{featureCopy(""coming_soon"", dict)}","hub.leaders.comingBadge now unused"
"P0-FEAT-10","P1","roadmap","/pricing, /merchants","all","Roadmap badge used a second status vocabulary (pricing.states: ""Not built yet""/""In review"")","two dictionaries of status words","featureCopy(featureStatus(id).status)","src/components/feature-roadmap.tsx","fixed","t.states.soon / t.states.beta","features.status.coming_soon / features.status.beta","pricing.states now unused"
"P0-FEAT-11","P0","registry","n/a","all","No single API answered ""is X available for plan P in sector S"" and nothing prevented a new hand-written ""Soon""","registry was two tables without a resolver or a guard","FEATURE_REGISTRY + featureStatus/featureCopy + ssot guard test","src/lib/feature-availability.ts, src/lib/__tests__/feature-availability-ssot.test.ts, dictionaries","fixed","—","59-key derived registry, 5-status vocabulary, source scan","every prior export kept"
"P0-FEAT-12","P2","storefront","/store/[id]","realEstate","Real estate still promises appointments ""coming soon"" while its merchant OS ships a bookings screen and the lead form already exists","DIRECTORY_ONLY_SECTORS holds realEstate; bundle keeps appointments","owner decision: drop appointments from the realEstate bundle or take it out of directory-only; registry follows either","src/lib/store-experience.ts, src/lib/sectors.ts","open","coming_soon/sector_pending","—","not changed: cannot prove the engine is wired for this sector"
"P1-SEARCH-01","P1","search","/[lang]/search","food,retail","Category words (مطاعم، ملابس، فول، برغر) returned zero stores although matching stores exist","searchStores was one ILIKE of the whole query on name/description/area; nobody names a shop «مطاعم»","Intent lexicon maps category words to CategoryKeys; searchStores also pulls stores of that sector and ranks them; subtopic precision rule","src/lib/search-intent.ts; src/lib/data/stores.ts","fixed","مطاعم 0; ملابس 0; فول 0; برغر 0","مطاعم 1 (Let's meat); ملابس 1 (ألبسة نسائي ولادب); فول 1; برغر 1","Verified read-only on production 2026-09-25"
"P1-SEARCH-02","P1","search","/[lang]/search","market","«سوق الاحد» (the section's own name) returned zero","Listings were searched by title ILIKE of the whole query; section names meant nothing","Section intents (market/crafts/freelance/jobs); a market-only query returns the latest listings and a chip to /[lang]/market","src/lib/search-intent.ts; src/lib/data/search.ts; search/page.tsx","fixed","0","3 listings + /ar/market chip","«مستعمل» behaves the same"
"P1-SEARCH-03","P1","search","/[lang]/search","all","Plurals, articles and clitics (للرجال، المطاعم، عيادات) missed","No normalisation or stemming on the store/product path","foldArabic + conservative stemVariants (ال/لل/وال/بال/و; ات/ين/ون/ية/ة), the typed word always first; alef and final ة wildcards in ILIKE for words of 4+ letters","src/lib/search-intent.ts","fixed","للرجال 0","للرجال 1 (Aanab_perfumes «الرجالية»)","Stems never shorter than 3 letters"
"P1-SEARCH-04","P1","search","/[lang]/search","all","A place inside the query («دكتور عيون طرابلس») was matched as literal text","No location extraction","45 lb_areas + aliases + region words; region filters (null region kept), area boosts; a place-only query pulls its region","src/lib/search-intent.ts; src/lib/data/stores.ts","fixed","0","2 clinics, Tripoli first","Ambiguous words (صور، حمرا، شوف، كورة، جبل) are not places"
"P1-SEARCH-05","P1","search","/[lang]/search","contractors","Repair problems («مكيف ما عم يبرد») had no path to the crafts section","Crafts trades were not connected to site search","40+7 trade concepts using only real public.trades slugs; chip to /[lang]/crafts/<trade>?area=<slug>","src/lib/search-intent.ts; search/page.tsx","fixed","0 and no link","0 stores + /ar/crafts/ac-service chip","Test asserts every lexicon slug exists in migration 0236"
"P1-SEARCH-06","P2","search","/[lang]/search","healthcare","Specialty searches ignored doctors.specialty and stores.specialties","Store search read neither","13 specialties; doctors.specialty OR read to store ids; stores.specialties added to the text OR; a specialty with no match returns 0 rather than another clinic","src/lib/search-intent.ts; src/lib/data/stores.ts","fixed","دكتور عيون طرابلس 0","2","No dentist on the platform, so «اسنان» still returns 0 (supply gap)"
"P1-SEARCH-07","P2","search","/[lang]/search","retail","«iphone» missed the listing titled «ايفون 11 برو ماكس»","Single-script title ILIKE","Pairable concepts (iphone, samsung) also search the other script's spelling in listings","src/lib/search-intent.ts; src/lib/data/search.ts","fixed","0","2 (Qabass + the listing)","Only tight synonym sets cross scripts"
"P1-SEARCH-08","P1","search","/[lang]/search","all","Zero-result page offered no route to the filtered views that answer the query","No intent display","Intent line «فهمنا إنك عم تدوّر على: …» + chips to /explore?sector/group/region (parseDiscoveryQuery params), crafts trade, section roots; chips onto sectors with 0 stores are hidden; #demand-capture-slot under EmptyState","search/page.tsx; dictionaries (searchIntent)","fixed","none","intent line + chips","Demand form to be mounted by the demand track"
"P1-SEARCH-09","P2","search","/[lang]/search","—","Brand queries (ايتوماكس / etumax) return zero","No such brand on the platform","None invented: confidence 0, literal text search only; route to demand capture","src/lib/search-intent.ts","wontfix-data","0","0","A supply gap, not a search bug"
"P1-SEARCH-10","P3","search","/[lang]/search","—","The brief assumed normalize_search folds ة→ه","The SQL translate maps ة to itself (verified live)","normalizeArabic mirrors the DB exactly (15 live fixtures); the ة→ه fold only in foldArabic for matching","src/lib/search-intent.ts; search-intent.test.ts","documented","—","—","Changing the DB function was out of scope (no migrations)"
"P1-SEARCH-11","P2","supply","/[lang]/explore","petCare,realEstate,automotive","«قطة», «شقة للايجار», «صيانة سيارة» are understood but have no stores","No active store in those sectors in production","Intent line names the need; empty-sector chips hidden; demand capture handles the rest","search/page.tsx","open-supply","0","0 (understood)","Recruitment target, per search_logs"
"P1-MOBILE-01","P1","mobile","/[lang]/store/[id]","all","On a phone after scrolling, two identical search bars stack in the header","Global MobileSearch (permanent, lg:hidden) plus HeaderSearch (revealed after scrollY>460 at every width); no store-scoped search exists","HeaderSearch wrapper gets `hidden lg:block`; desktop unchanged","src/components/header-search.tsx","fixed-unverified","2 bars below lg after scroll","1 bar below lg","Affects every long page; needs a real-phone check (no dev server was run)"
"P1-CARDS-01","P1","cards","/explore,/category/*,/,/search,/favorites","all","Green «مفتوح» badge on stores that publish no hours","isOpen defaults to true when hours are missing and the card drew the default as a fact","hoursKnown carried from rowToStore; badge drawn only from an `open` fact","src/components/store-card.tsx; src/lib/data/stores.ts; src/lib/data/discovery.ts; src/components/for-you-strip.tsx","fixed","17/17 cards claimed open or closed","14/17 (3 without hours show no badge); favourites show no badge","open-by-default still decides listing and the openNow filter (see P1-FILTER-06)"
"P1-CARDS-02","P1","cards","/explore,/category/*,/","all","One generic facts line: no fulfilment, no starting price, no clinic location","resolveCardFacts only knew catalogue counts","resolveSectorCard with 5 variants; batched rollups (service price, zones)","src/lib/card-facts.ts; src/components/store-card.tsx; src/lib/data/discovery.ts","fixed","counts only","delivery/pickup on 10 goods/food cards; «يبدأ من $X · N خدمات» on 3 service cards; map-pin location on 2 clinics","every fact tested for absence when data is missing"
"P1-CARDS-03","P1","cards","/explore","beauty","Perfume shop's 3 products labelled «3 خدمة»","catalogue noun came from the sector, not from item_kind","services-style card with a known 0 services counts products as products","src/lib/card-facts.ts","fixed","«3 خدمة»","«3 منتج»",""
"P1-CARDS-04","P2","cards","/explore","all","Subtitle printed a trailing «·» when area was empty","unconditional `{cat} · {area}`","separator only when there is a location; region name as fallback","src/components/store-card.tsx","fixed","4 cards ended in «·»","3 show the region, 1 shows the sector alone",""
"P1-CARDS-05","P2","cards","all card surfaces","all","Favourite heart overlapped the open badge at the start corner","favorite-button.tsx hard-codes `relative`, which competes with the `absolute` passed in","card wraps the button in its own absolute span","src/components/store-card.tsx","fixed (workaround)","heart on top of badge","heart at end corner","root cause remains in src/components/favorite-button.tsx (not my territory)"
"P1-CARDS-06","P2","cards","/search","all","Search results render the card without the facts line","search page doesn't pass factsDict/cardDict or rollups","none (not my territory); props are optional and ready","src/app/[lang]/(site)/search/page.tsx","open","no facts line","—","badge honesty already applies via rowToStore"
"P1-CARDS-07","P2","cards","/,/explore","all","Count grammar: «3 منتج», «1 products», «1 reviews»","dict.discovery.nouns and featured.reviews are single forms","services count now uses plural forms; other nouns untouched","src/i18n/dictionaries/*.json (discovery namespace)","open","—","—","needs plural sets for discovery.nouns"
"P1-CARDS-08","P2","cards","/explore,/category/food,/category/healthcare","food,healthcare","Cuisine, specialty and next availability not shown","no column / empty column / no cheap query","omitted by design","—","deferred","—","—","see the data-gap table for the merchant-form fields needed"
"P1-FILTER-01","P1","filters","/explore,/category/{retail,food,farm,pharmacy}","goods,food","No delivery filter","—","`delivers` (delivery=1) on accepts_delivery, partition-gated","src/lib/discovery.ts; src/lib/data/discovery.ts; src/components/discovery-filters.tsx","fixed","—","hidden today (17/17 universal); appears when a merchant turns delivery off",""
"P1-FILTER-02","P1","filters","same","goods,food","No pickup filter","—","`pickup` (pickup=1) on accepts_pickup, partition-gated","same","fixed","—","hidden today (17/17 universal)",""
"P1-FILTER-03","P1","filters","/explore,/category/services","services-style","No way to find stores that publish a price","—","`hasPricedServices` (priced=1) from the catalogue rollup","same","fixed","—","shown on /explore (3/17) and /category/services (1/3); hidden on healthcare (2/2) and beauty (0/1)",""
"P1-FILTER-04","P1","filters","/category/*","all","Filter availability judged on marketplace totals, even on a pinned sector page","coverage had no per-sector breakdown","bySectorCounts + scopedCounts; filterAvailability(key, coverage, scope)","src/lib/discovery.ts; src/lib/data/discovery.ts","fixed","a no-op chip possible on a sector page","chips judged against the sector's own stores","falls back to marketplace totals when there is no breakdown"
"P1-FILTER-05","P2","filters","/explore","all","offers + catalogue together dropped the catalogue condition","`hasOffers ? offers : catalog`","predicates intersect","src/lib/data/discovery.ts","fixed","OR-like","AND","harmless before (an offer implies a catalogue row)"
"P1-FILTER-06","P2","filters","/explore?open=1, home ""open now"" rail","all","""Open now"" includes stores with no hours","open-by-default rule in lib/hours.ts","not changed; the card no longer shows a badge for them","src/lib/data/discovery.ts","open","—","—","product decision: include in ""open now"", or require published hours"
"P1-DEMAND-01","P1","search/demand","/[lang]/search","all","A zero-result search ends at ""no results""; the searcher cannot say what they wanted, where, or ask to hear back","search_logs records only that a search failed; no capture step or table existed","demand_requests table + submit_demand RPC (validated, trimmed, rate-limited) + DemandCapture component","supabase/migrations/0306_demand_requests.sql; src/components/search/demand-capture.tsx","done (mount pending, search-page owner)","10 of the last 12 searches returned 0 and left nothing behind","Collapsed prompt «ما لقيت يلي بدّك ياه؟ خبّرنا ومنحاول نجيبلك ياه» → query/region/area/optional contact/note → «وصلتنا، شكرًا»","Applied to prod 20260925072611; mount JSX in §2"
"P1-DEMAND-02","P1","admin/insights","/[lang]/admin/demand","all","No admin view of unmet demand; admin_search_gaps (0216) existed but nothing rendered it outside the 7-day attention card","No page or aggregate combined zero-result searches with requests","demand_summary(p_days) (admin_can('growth'), zero rows otherwise) + /admin/demand page with 30/90-day switch, recent requests, and set_demand_status","src/app/[lang]/(dashboard)/admin/demand/*; src/components/admin-nav.tsx","done","Demand data visible only by raw SQL","Ranked list (requests×3 + searches, distinct requesters, reachable contacts, region, section) + status workflow new→contacted/fulfilled/dismissed","Gated by the existing 'growth' section; no new permission area"
"P1-DEMAND-03","P1","privacy","n/a","all","Volunteered contacts could be kept forever and read too widely","New data class with no retention or access rule","RLS + revoked table grants (admin read only), contact optional, no IP/UA, daily pg_cron purge of contact/note/user_id after 180 days","supabase/migrations/0306_demand_requests.sql","done","n/a (new table)","anon: permission denied; non-admin: 0 rows; purge verified in rolled-back test (E1/E2)","Cron job matjar-demand-retention 30 3 * * *"
"P2-DEMAND-04","P2","abuse","n/a","all","An open anonymous form can be flooded or used to spam a contact","Anon-callable RPC","Limits: 5/user/24h, 5/contact/24h, anon no-contact 3 per q_norm+region/60s, anon 30/60s platform-wide; kind rate-limit message in UI","supabase/migrations/0306_demand_requests.sql; src/lib/demand.ts","done","n/a","Every limit tripped as designed in the rolled-back test (A3/A7/B3/D1)","Counts are not serialised; one concurrent burst can overshoot slightly (accepted)"
"P2-DEMAND-05","P2","consistency","n/a","all","Form and RPC could drift apart on limits and whitelists","Two languages holding the same rules","Single DEMAND_LIMITS/DEMAND_SECTIONS in src/lib/demand.ts + a test that reads 0306 and asserts every cap, rate limit, region and section","src/lib/demand.ts; src/lib/__tests__/demand.test.ts","done","n/a","16 tests green; drift now fails CI","Arabic-Indic digits handled identically in TS and SQL"
"P0-OFFER-01","P1","offering","/store/[id] (restaurant)","food","Menu cards said «أضف للسلة» while the sticky CTA said «أضف إلى الطلب»","Card label hardcoded to dict.store.order, not the resolver CTA","Card label from dict.offering.cta[resolveOffering().cta]","src/components/store-products.tsx","fixed","أضف للسلة on cards","أضف إلى الطلب everywhere (verified on local build)",""
"P0-OFFER-02","P0","offering","/product/[id]","healthcare, beauty, petCare, sportsCourts, services","Services could reach a cart; stock/quantity/unit price facts not resolver-driven","Resolver exposed only variant/cta/noun","Resolver gained showsStock/showsQuantity/showsOptions/showsDuration/showsUnitPrice/cardBadge/addableToCart + assertAddableToCart; product page, mini card, store grid, JSON-LD (Service type) read it","src/lib/offering.ts; product page; product-mini-card.tsx; product-order.tsx; store-products.tsx; src/lib/jsonld.ts","fixed","service page JSON-LD typed as Product","JSON-LD Service + BreadcrumbList; 0 cart words on service page",""
"P0-OFFER-03","P0","transaction","place_customer_order / place_guest_order (DB)","all service sectors","The two order RPCs accepted any product id and never read item_kind, so a direct API call could order a service","Rule lived only in the browser","BEFORE INSERT trigger on order_items rejects item_kind=service (SQLSTATE 23514); both RPCs roll back whole","supabase/migrations/0304_a_service_is_booked_not_ordered.sql","fixed","browser-only guard","server rejects service lines; product lines unaffected (rolled-back test, then applied)","Owner approved 2026-09-24; 0 service items had ever been ordered"
"P0-DATA-01","P1","data quality","/explore, /search, home rails","all","No publication gate; incomplete stores listed with no signal to owner/merchant","No validator existed","validateStorePublic/Product/Entry; blocked = hidden from ranked lists only; admin quality column; approval disabled for blocked; merchant checklist shows issues","src/lib/data-quality.ts; src/lib/data/stores.ts; admin stores; store-checklist.tsx","fixed","—","17 stores: 10 ok, 7 incomplete, 0 blocked","Conservative by design: nothing on production is hidden"
"P0-DATA-02","P1","data quality","/store/[id]","retail, food","4 stores have no area (Giggles Care, Let's meat, Mehras Chtoura, ألبسة نسائي ولادب)","Optional at signup","Flagged to merchant and admin; no data changed","—","open — merchant action","—","—","Owner outreach suggested"
"P0-DATA-03","P1","data quality","/store/[id]","retail, services, professional","3 stores have neither logo nor cover (Alo sam taxi, ألبسة نسائي ولادب, مفروشات عبد الحفيظ عربس)","Optional at signup","Flagged; monogram fallback stays","—","open — merchant action","—","—",""
"P0-DATA-04","P1","data quality","/store/[id]","retail","Stores with no offerings where the sector needs them (Qabass Computers, Mehras Chtoura, ألبسة نسائي ولادب)","Optional at signup","Flagged as incomplete","—","open — merchant action","—","—","Services-type stores without items are not flagged (their sector does not require items)"
"P0-DATA-05","P2","data quality","/store/[id]","healthcare","«مركز الضنية الطبي » carries a trailing space","Typed at signup","sanitizeDisplayName trims at render; DB untouched","src/lib/data-quality.ts; src/lib/data/stores.ts","fixed (display)","trailing space","clean name on screen",""
"P1-OPEN-01","P1","discovery","/ (home rail), /explore?open=1","all","Stores with no published hours were listed under «مفتوح هلق» and the open-now filter while their own card showed no open badge","Open-now surfaces used isOpen, which defaults to true when hours are missing","Open-now rail and filter require isOpen && hoursKnown; the store is still never shown as closed","src/components/home/open-now-rail.tsx; src/lib/data/discovery.ts","fixed","3 stores with no hours claimed open","only stores with published hours","No availability invented"
"P2-COPY-01","P2","i18n","cards","all","Counts read «3 منتج», «1 products», «(1 تقييم)»","Single noun with a number in front","Plural forms per noun (Intl.PluralRules) in sectorCards.counts; cards now read «3 منتجات», «تقييم واحد»","src/components/store-card.tsx; dictionaries","fixed","3 منتج","3 منتجات",""
